{
  "evaluator": "retrieval",
  "granularity": "unique-siman",
  "metrics": {
    "recall_at": {
      "1": 30,
      "3": 35,
      "5": 36,
      "10": 36,
      "18": 36,
      "30": 36,
      "50": 36
    },
    "recall_rate": {
      "1": 0.7894736842105263,
      "3": 0.9210526315789473,
      "5": 0.9473684210526315,
      "10": 0.9473684210526315,
      "18": 0.9473684210526315,
      "30": 0.9473684210526315,
      "50": 0.9473684210526315
    },
    "mrr": 0.8618421052631579,
    "n_total": 38
  },
  "n_questions": 38,
  "elapsed_sec": 18.715,
  "retrieve_k": 100,
  "k_values": [
    1,
    3,
    5,
    10,
    18,
    30,
    50
  ],
  "target_k": 50,
  "target_recall": 0.85,
  "target_passed": true,
  "timestamp": "2026-04-26 01:43:48",
  "retriever": "retrieval_npy",
  "config": "C:\\Users\\YOSI\\Documents\\מפתחים AI\\שלחן ערוך 1604\\GIT8\\rag_shul\\experiments\\exp_config.yaml",
  "run_mode": "mini",
  "total_available": 38
}